{
    "job_totals": {
        "total_jobs": 3,
        "total_time": 11748.077333278954,
        "total_print_time": 11348.794790096988,
        "total_filament_used": 11615.718840001999,
        "longest_job": 11665.191012736992,
        "longest_print": 11348.794790096988
    }
}